{"Display Name Change": [{"Date": "2020-05-18 13:18:55 UTC", "Display Name": "Digi Consulting \ud83d\udcbb\ud83d\udcf1"}, {"Date": "2020-05-18 13:18:46 UTC", "Display Name": "Digi Consulting \ud83d\udcbb"}, {"Date": "2020-05-16 16:44:14 UTC", "Display Name": "\ud83d\udcbb Digi Consulting\ud83d\udcf1"}, {"Date": "2020-05-16 16:44:02 UTC", "Display Name": "\ud83d\udcbb Digi Consulting \ud83d\udcf1"}, {"Date": "2020-05-16 03:32:58 UTC", "Display Name": "Digi Consulting \ud83d\udcbb\ud83d\udcf1"}, {"Date": "2020-05-16 03:30:27 UTC", "Display Name": "DigiConsulting"}], "Email Change": [{"Date": "2021-12-25 22:16:36 UTC", "Email Address": "digiconsulting@gmx.fr"}, {"Date": "2021-12-25 22:14:46 UTC", "Email Address": "digiconsulting@gmx.fr"}, {"Date": "2020-05-16 03:30:41 UTC", "Email Address": "contact@digiconsulting.fr"}], "Mobile Number Change": [], "Password Change": [], "Snapchat Linked to Bitmoji": [], "Spectacles": [], "Two-Factor Authentication": [], "Account deactivated / reactivated": [], "Download My Data Reports": [{"Date": "2022-08-08 23:42:08 UTC", "Status": "IDLE", "Email Address": "digiconsulting@gmx.fr"}, {"Date": "2022-08-07 15:30:12 UTC", "Status": "COMPLETED", "Email Address": "digiconsulting@gmx.fr"}, {"Date": "2022-08-01 22:44:46 UTC", "Status": "COMPLETED", "Email Address": "digiconsulting@gmx.fr"}]}