{"Friends": [{"Username": "lauthentique30", "Display Name": "Cafeburger Lauthentique", "Creation Timestamp": "2020-05-26 21:06:22 UTC", "Last Modified Timestamp": "2020-05-26 21:06:22 UTC", "Source": "added by added me back"}, {"Username": "mosquee-annour", "Display Name": "MOSQU\u00c9E ANNOUR", "Creation Timestamp": "2020-05-17 17:38:38 UTC", "Last Modified Timestamp": "2020-05-17 17:38:38 UTC", "Source": "added by added me back"}, {"Username": "talion_y", "Display Name": "Ahc\u00e8ne", "Creation Timestamp": "2020-05-20 03:30:02 UTC", "Last Modified Timestamp": "2020-05-20 03:30:02 UTC", "Source": "added by added me back"}, {"Username": "ballon30000", "Display Name": "Bouteille Balon", "Creation Timestamp": "2020-05-20 01:12:00 UTC", "Last Modified Timestamp": "2020-05-20 01:12:00 UTC", "Source": "added by added me back"}, {"Username": "monicamonica458", "Display Name": "Monica\ud83c\udf3c", "Creation Timestamp": "2020-05-23 14:07:54 UTC", "Last Modified Timestamp": "2020-05-23 14:07:54 UTC", "Source": "added by added me back"}, {"Username": "fks992", "Display Name": "Faouzi", "Creation Timestamp": "2020-05-30 22:17:22 UTC", "Last Modified Timestamp": "2020-05-30 22:17:22 UTC", "Source": "added by added me back"}, {"Username": "saliima30", "Display Name": "Saliima \ud83d\udc51", "Creation Timestamp": "2020-05-16 16:43:38 UTC", "Last Modified Timestamp": "2020-05-16 16:43:38 UTC", "Source": "added by added me back"}, {"Username": "digi-consulting", "Display Name": "Digi Consulting \ud83d\udcbb\ud83d\udcf1", "Creation Timestamp": "2020-05-16 03:30:27 UTC", "Last Modified Timestamp": "2020-05-16 03:30:27 UTC", "Source": "added by unknown"}, {"Username": "much3zero", "Display Name": "Ham Za", "Creation Timestamp": "2020-05-17 14:10:05 UTC", "Last Modified Timestamp": "2020-05-17 14:10:05 UTC", "Source": "added by username"}, {"Username": "song_manga", "Display Name": "Manga \ud83c\ude36\u3299\ufe0f\ud83d\udcae", "Creation Timestamp": "2020-05-29 10:31:42 UTC", "Last Modified Timestamp": "2020-05-29 10:31:42 UTC", "Source": "added by added me back"}, {"Username": "yacinebarber", "Display Name": "Yassine Laaraj", "Creation Timestamp": "2020-05-19 23:00:59 UTC", "Last Modified Timestamp": "2020-05-19 23:00:59 UTC", "Source": "added by added me back"}, {"Username": "twins-homemade", "Display Name": "Twins Home Made", "Creation Timestamp": "2020-05-28 18:16:45 UTC", "Last Modified Timestamp": "2020-05-28 18:16:45 UTC", "Source": "added by added me back"}, {"Username": "oum-wa", "Display Name": "\u2665\ufe0f Oum-Wa\u2665\ufe0f", "Creation Timestamp": "2020-05-28 12:15:59 UTC", "Last Modified Timestamp": "2020-05-28 12:15:59 UTC", "Source": "added by added me back"}, {"Username": "layla-lylou", "Display Name": "Layla \ud83d\udc8b", "Creation Timestamp": "2020-06-01 18:52:42 UTC", "Last Modified Timestamp": "2020-06-01 18:52:42 UTC", "Source": "added by added me back"}, {"Username": "joao-17ferreira", "Display Name": "Joao F", "Creation Timestamp": "2020-06-07 20:36:10 UTC", "Last Modified Timestamp": "2020-06-07 20:36:10 UTC", "Source": "added by added me back"}, {"Username": "algerien77", "Display Name": "Ilyes", "Creation Timestamp": "2020-05-27 20:37:07 UTC", "Last Modified Timestamp": "2020-05-27 20:37:07 UTC", "Source": "added by added me back"}, {"Username": "youyouness20", "Display Name": "\ud83d\udc9aYouness212 \u2764\ufe0f\ud83c\uddf2\ud83c\udde6", "Creation Timestamp": "2020-05-28 18:16:44 UTC", "Last Modified Timestamp": "2020-05-28 18:16:44 UTC", "Source": "added by added me back"}, {"Username": "leminipoinb30", "Display Name": "LeMinipoin BdeNimes", "Creation Timestamp": "2020-06-11 10:01:18 UTC", "Last Modified Timestamp": "2020-06-11 10:01:18 UTC", "Source": "added by added me back"}, {"Username": "lemuz.28", "Display Name": "Le Chemin Du Bien-\u00eatre \ud83c\udf0f\ud83c\udf31\u2600\ufe0f", "Creation Timestamp": "2020-05-20 10:42:18 UTC", "Last Modified Timestamp": "2020-05-20 10:42:18 UTC", "Source": "added by added me back"}, {"Username": "lepetitlez34", "Display Name": "LePetitLez Restaurant Halal 34", "Creation Timestamp": "2020-05-17 14:05:01 UTC", "Last Modified Timestamp": "2020-05-17 14:05:01 UTC", "Source": "added by username"}, {"Username": "ouss-45", "Display Name": "", "Creation Timestamp": "2020-06-07 14:47:20 UTC", "Last Modified Timestamp": "2020-06-07 14:47:20 UTC", "Source": "added by added me back"}, {"Username": "senteurluxueuse", "Display Name": "Yassin El himar", "Creation Timestamp": "2020-07-18 21:05:18 UTC", "Last Modified Timestamp": "2020-07-18 21:05:18 UTC", "Source": "added by added me back"}, {"Username": "dreameventsloc", "Display Name": "PARISTAXIMOTO DREAM EVENT\u2019S", "Creation Timestamp": "2020-06-04 10:54:26 UTC", "Last Modified Timestamp": "2020-06-04 10:54:26 UTC", "Source": "added by added me back"}, {"Username": "dreampermis", "Display Name": "dream Permis", "Creation Timestamp": "2020-06-06 15:11:25 UTC", "Last Modified Timestamp": "2020-06-06 15:11:25 UTC", "Source": "added by added me back"}, {"Username": "mlaaroubi60", "Display Name": "momo laaroubi", "Creation Timestamp": "2020-05-20 01:51:54 UTC", "Last Modified Timestamp": "2020-05-20 01:51:54 UTC", "Source": "added by added me back"}, {"Username": "moskoww_cba", "Display Name": "\ud83d\udd31Moskoww_ CBA\ud83d\udd31\ud83d\udc7a\ud83d\udd2b", "Creation Timestamp": "2020-05-27 11:30:17 UTC", "Last Modified Timestamp": "2020-05-27 11:30:17 UTC", "Source": "added by added me back"}, {"Username": "j-mokass", "Display Name": "J", "Creation Timestamp": "2020-05-21 03:04:27 UTC", "Last Modified Timestamp": "2020-05-21 03:04:27 UTC", "Source": "added by added me back"}, {"Username": "calovig", "Display Name": "DJ Prof\u00eate", "Creation Timestamp": "2020-05-21 14:40:50 UTC", "Last Modified Timestamp": "2020-05-21 14:40:50 UTC", "Source": "added by added me back"}, {"Username": "jooo.ker", "Display Name": "", "Creation Timestamp": "2020-06-06 18:29:48 UTC", "Last Modified Timestamp": "2020-06-06 18:29:48 UTC", "Source": "added by added me back"}, {"Username": "yac_30", "Display Name": "\ud835\udce8\ud835\udcea\ud835\udcec\ud835\udcf2\ud835\udcf7\ud835\udc86 \u2600\ufe0f\ud83c\udfd6", "Creation Timestamp": "2020-05-27 23:04:20 UTC", "Last Modified Timestamp": "2020-05-27 23:04:20 UTC", "Source": "added by added me back"}], "Friend Requests Sent": [{"Username": "acrobate94", "Display Name": "Acrobate94", "Creation Timestamp": "2020-05-26 17:30:10 UTC", "Last Modified Timestamp": "2020-05-26 17:30:10 UTC", "Source": "added by influencer recommendation"}, {"Username": "jul135city", "Display Name": "JuL \ud83d\udc7d\ud83d\udef8 \ud83d\udcc0&amp;\ud83d\udcbf", "Creation Timestamp": "2020-05-16 20:18:05 UTC", "Last Modified Timestamp": "2020-05-16 20:18:05 UTC", "Source": "added by influencer recommendation"}, {"Username": "autoelegance86", "Display Name": "Auto Elegance86 \ud83d\ude97\ud83d\ude99\ud83d\ude98", "Creation Timestamp": "2020-05-16 15:17:45 UTC", "Last Modified Timestamp": "2020-05-16 15:17:45 UTC", "Source": "added by suggested"}, {"Username": "ma.signature", "Display Name": "\ud835\udc40\ud835\udc9c \ud835\udcae\ud835\udcbe\ud835\udc54\ud835\udcc3\ud835\udcb6\ud835\udcc9\ud835\udcca\ud835\udcc7\ud835\udc52 \u2728", "Creation Timestamp": "2020-05-21 16:52:23 UTC", "Last Modified Timestamp": "2020-09-06 09:26:21 UTC", "Source": "added by added me back"}, {"Username": "weezytrip30", "Display Name": "b\u00e9b\u00e9 Bien Nourri", "Creation Timestamp": "2020-05-21 19:50:17 UTC", "Last Modified Timestamp": "2020-06-06 01:14:47 UTC", "Source": "added by added me back"}, {"Username": "prince-ryoma", "Display Name": "R\u00e9my Cabella \u26bd\ufe0f", "Creation Timestamp": "2020-06-01 00:08:51 UTC", "Last Modified Timestamp": "2020-06-01 00:08:51 UTC", "Source": "added by story chrome"}, {"Username": "statam300", "Display Name": "Statam300\u00ae\ufe0f \ud83d\udea8 BsAuto \ud83d\udea8Location", "Creation Timestamp": "2020-05-16 03:31:32 UTC", "Last Modified Timestamp": "2020-05-16 03:31:32 UTC", "Source": "added by username"}, {"Username": "layvin20", "Display Name": "Layvin Kurzawa", "Creation Timestamp": "2020-05-26 17:30:36 UTC", "Last Modified Timestamp": "2020-05-26 17:30:36 UTC", "Source": "added by influencer recommendation"}, {"Username": "ftoshk", "Display Name": "Fa \ud83c\udf38", "Creation Timestamp": "2020-05-16 16:41:23 UTC", "Last Modified Timestamp": "2020-11-24 13:02:45 UTC", "Source": "added by added me back"}, {"Username": "mouss_v20", "Display Name": "Mouss 2vez", "Creation Timestamp": "2020-05-18 12:37:50 UTC", "Last Modified Timestamp": "2021-05-22 11:45:23 UTC", "Source": "added by added me back"}], "Blocked Users": [], "Deleted Friends": [{"Username": "teamsnapchat", "Display Name": "Team Snapchat", "Creation Timestamp": "2020-05-16 03:30:27 UTC", "Last Modified Timestamp": "2020-05-16 03:30:27 UTC", "Source": "added by unknown"}, {"Username": "shaaaaaaaaiii", "Display Name": "Shaaai", "Creation Timestamp": "2020-05-18 12:37:48 UTC", "Last Modified Timestamp": "2020-07-21 22:26:10 UTC", "Source": "added by added me back"}], "Hidden Friend Suggestions": [], "Ignored Snapchatters": [], "Pending Requests": [], "Shortcuts": []}