{"Your Story Views": [{"Story Date": "2022-07-17 07:00:00 UTC", "Story Views": 0, "Story Replies": 0}], "Friend and Public Story Views": [{"View": "statam300", "Media Type": "STORY", "View Date": "2022-08-07 17:33:30 UTC"}, {"View": "statam300", "Media Type": "VIDEO", "View Date": "2022-08-07 17:33:30 UTC"}, {"View": "statam300", "Media Type": "VIDEO", "View Date": "2022-08-07 17:33:29 UTC"}, {"View": "statam300", "Media Type": "VIDEO", "View Date": "2022-08-07 17:33:29 UTC"}, {"View": "statam300", "Media Type": "", "View Date": "2022-08-07 17:33:27 UTC"}, {"View": "statam300", "Media Type": "VIDEO", "View Date": "2022-08-07 17:33:26 UTC"}, {"View": "statam300", "Media Type": "VIDEO", "View Date": "2022-08-07 17:33:25 UTC"}, {"View": "ouss-45", "Media Type": "STORY", "View Date": "2022-08-06 01:33:52 UTC"}, {"View": "ouss-45", "Media Type": "VIDEO", "View Date": "2022-08-06 01:33:52 UTC"}, {"View": "ouss-45", "Media Type": "STORY", "View Date": "2022-08-06 01:33:48 UTC"}, {"View": "ouss-45", "Media Type": "VIDEO", "View Date": "2022-08-06 01:33:48 UTC"}, {"View": "ouss-45", "Media Type": "", "View Date": "2022-08-06 01:33:44 UTC"}, {"View": "ouss-45", "Media Type": "VIDEO", "View Date": "2022-08-06 01:33:44 UTC"}, {"View": "ouss-45", "Media Type": "", "View Date": "2022-08-06 01:33:43 UTC"}, {"View": "ouss-45", "Media Type": "", "View Date": "2022-08-06 01:33:42 UTC"}, {"View": "layla-lylou", "Media Type": "STORY", "View Date": "2022-08-06 01:33:38 UTC"}, {"View": "layla-lylou", "Media Type": "", "View Date": "2022-08-06 01:33:38 UTC"}, {"View": "radoudou13", "Media Type": "VIDEO", "View Date": "2022-08-05 10:33:45 UTC"}, {"View": "radoudou13", "Media Type": "STORY", "View Date": "2022-08-05 10:33:44 UTC"}, {"View": "radoudou13", "Media Type": "VIDEO", "View Date": "2022-08-05 10:33:35 UTC"}, {"View": "radoudou13", "Media Type": "VIDEO", "View Date": "2022-08-05 10:33:25 UTC"}, {"View": "radoudou13", "Media Type": "VIDEO", "View Date": "2022-08-05 10:33:15 UTC"}, {"View": "radoudou13", "Media Type": "VIDEO", "View Date": "2022-08-05 10:33:13 UTC"}, {"View": "radoudou13", "Media Type": "STORY", "View Date": "2022-08-05 10:33:11 UTC"}, {"View": "radoudou13", "Media Type": "VIDEO", "View Date": "2022-08-05 10:33:11 UTC"}, {"View": "radoudou13", "Media Type": "", "View Date": "2022-08-05 10:33:06 UTC"}, {"View": "radoudou13", "Media Type": "VIDEO", "View Date": "2022-08-05 10:33:05 UTC"}, {"View": "radoudou13", "Media Type": "VIDEO", "View Date": "2022-08-05 10:32:54 UTC"}, {"View": "radoudou13", "Media Type": "VIDEO", "View Date": "2022-08-05 10:32:44 UTC"}, {"View": "radoudou13", "Media Type": "VIDEO", "View Date": "2022-08-05 10:32:34 UTC"}, {"View": "radoudou13", "Media Type": "VIDEO", "View Date": "2022-08-05 10:32:23 UTC"}, {"View": "radoudou13", "Media Type": "VIDEO", "View Date": "2022-08-05 10:32:15 UTC"}, {"View": "radoudou13", "Media Type": "STORY", "View Date": "2022-08-05 10:32:06 UTC"}, {"View": "radoudou13", "Media Type": "VIDEO", "View Date": "2022-08-05 10:32:06 UTC"}, {"View": "radoudou13", "Media Type": "VIDEO", "View Date": "2022-08-05 10:31:55 UTC"}, {"View": "radoudou13", "Media Type": "VIDEO", "View Date": "2022-08-05 10:31:52 UTC"}, {"View": "radoudou13", "Media Type": "VIDEO", "View Date": "2022-08-05 10:31:42 UTC"}, {"View": "radoudou13", "Media Type": "VIDEO", "View Date": "2022-08-05 10:31:33 UTC"}, {"View": "radoudou13", "Media Type": "VIDEO", "View Date": "2022-08-05 10:31:23 UTC"}, {"View": "radoudou13", "Media Type": "VIDEO", "View Date": "2022-08-05 10:31:13 UTC"}, {"View": "radoudou13", "Media Type": "VIDEO", "View Date": "2022-08-05 10:31:08 UTC"}, {"View": "radoudou13", "Media Type": "STORY", "View Date": "2022-08-05 10:30:57 UTC"}, {"View": "radoudou13", "Media Type": "VIDEO", "View Date": "2022-08-05 10:30:57 UTC"}, {"View": "radoudou13", "Media Type": "VIDEO", "View Date": "2022-08-05 10:30:55 UTC"}, {"View": "radoudou13", "Media Type": "VIDEO", "View Date": "2022-08-05 10:30:45 UTC"}, {"View": "radoudou13", "Media Type": "VIDEO", "View Date": "2022-08-05 10:30:34 UTC"}, {"View": "radoudou13", "Media Type": "VIDEO", "View Date": "2022-08-05 10:30:26 UTC"}, {"View": "radoudou13", "Media Type": "VIDEO", "View Date": "2022-08-05 10:30:17 UTC"}, {"View": "radoudou13", "Media Type": "VIDEO", "View Date": "2022-08-05 10:30:07 UTC"}, {"View": "radoudou13", "Media Type": "VIDEO", "View Date": "2022-08-05 10:29:57 UTC"}, {"View": "radoudou13", "Media Type": "STORY", "View Date": "2022-08-05 10:29:54 UTC"}, {"View": "radoudou13", "Media Type": "VIDEO", "View Date": "2022-08-05 10:29:54 UTC"}, {"View": "radoudou13", "Media Type": "VIDEO", "View Date": "2022-08-05 10:29:52 UTC"}, {"View": "radoudou13", "Media Type": "VIDEO", "View Date": "2022-08-05 10:29:51 UTC"}, {"View": "radoudou13", "Media Type": "VIDEO", "View Date": "2022-08-05 10:29:42 UTC"}, {"View": "radoudou13", "Media Type": "VIDEO", "View Date": "2022-08-05 10:29:41 UTC"}, {"View": "radoudou13", "Media Type": "VIDEO", "View Date": "2022-08-05 10:29:31 UTC"}, {"View": "radoudou13", "Media Type": "VIDEO", "View Date": "2022-08-05 10:29:21 UTC"}, {"View": "radoudou13", "Media Type": "VIDEO", "View Date": "2022-08-05 10:29:11 UTC"}, {"View": "radoudou13", "Media Type": "STORY", "View Date": "2022-08-05 10:29:00 UTC"}, {"View": "radoudou13", "Media Type": "VIDEO", "View Date": "2022-08-05 10:29:00 UTC"}, {"View": "radoudou13", "Media Type": "VIDEO", "View Date": "2022-08-05 10:28:49 UTC"}, {"View": "radoudou13", "Media Type": "VIDEO", "View Date": "2022-08-05 10:28:39 UTC"}, {"View": "radoudou13", "Media Type": "VIDEO", "View Date": "2022-08-05 10:28:32 UTC"}, {"View": "radoudou13", "Media Type": "VIDEO", "View Date": "2022-08-05 10:28:22 UTC"}, {"View": "radoudou13", "Media Type": "VIDEO", "View Date": "2022-08-05 10:28:11 UTC"}, {"View": "radoudou13", "Media Type": "VIDEO", "View Date": "2022-08-05 10:28:01 UTC"}, {"View": "radoudou13", "Media Type": "VIDEO", "View Date": "2022-08-05 10:27:58 UTC"}, {"View": "radoudou13", "Media Type": "VIDEO", "View Date": "2022-08-05 10:27:52 UTC"}, {"View": "radoudou13", "Media Type": "STORY", "View Date": "2022-08-05 10:27:51 UTC"}, {"View": "radoudou13", "Media Type": "VIDEO", "View Date": "2022-08-05 10:27:41 UTC"}, {"View": "radoudou13", "Media Type": "VIDEO", "View Date": "2022-08-05 10:27:34 UTC"}, {"View": "radoudou13", "Media Type": "VIDEO", "View Date": "2022-08-05 10:27:24 UTC"}, {"View": "radoudou13", "Media Type": "VIDEO", "View Date": "2022-08-05 10:27:14 UTC"}, {"View": "radoudou13", "Media Type": "VIDEO", "View Date": "2022-08-05 10:27:04 UTC"}, {"View": "radoudou13", "Media Type": "VIDEO", "View Date": "2022-08-05 10:27:02 UTC"}, {"View": "radoudou13", "Media Type": "VIDEO", "View Date": "2022-08-05 10:26:57 UTC"}, {"View": "radoudou13", "Media Type": "STORY", "View Date": "2022-08-05 10:26:46 UTC"}, {"View": "radoudou13", "Media Type": "VIDEO", "View Date": "2022-08-05 10:26:46 UTC"}, {"View": "radoudou13", "Media Type": "VIDEO", "View Date": "2022-08-05 10:26:36 UTC"}, {"View": "radoudou13", "Media Type": "VIDEO", "View Date": "2022-08-05 10:26:26 UTC"}, {"View": "radoudou13", "Media Type": "VIDEO", "View Date": "2022-08-05 10:26:15 UTC"}, {"View": "radoudou13", "Media Type": "VIDEO", "View Date": "2022-08-05 10:26:13 UTC"}, {"View": "radoudou13", "Media Type": "VIDEO", "View Date": "2022-08-05 10:26:03 UTC"}, {"View": "radoudou13", "Media Type": "VIDEO", "View Date": "2022-08-05 10:25:53 UTC"}, {"View": "radoudou13", "Media Type": "VIDEO", "View Date": "2022-08-05 10:25:48 UTC"}, {"View": "radoudou13", "Media Type": "STORY", "View Date": "2022-08-05 10:25:36 UTC"}, {"View": "radoudou13", "Media Type": "VIDEO", "View Date": "2022-08-05 10:25:36 UTC"}, {"View": "radoudou13", "Media Type": "VIDEO", "View Date": "2022-08-05 10:25:27 UTC"}, {"View": "radoudou13", "Media Type": "VIDEO", "View Date": "2022-08-05 10:25:23 UTC"}, {"View": "radoudou13", "Media Type": "VIDEO", "View Date": "2022-08-05 10:25:13 UTC"}, {"View": "radoudou13", "Media Type": "VIDEO", "View Date": "2022-08-05 10:25:03 UTC"}, {"View": "radoudou13", "Media Type": "VIDEO", "View Date": "2022-08-05 10:24:52 UTC"}, {"View": "radoudou13", "Media Type": "VIDEO", "View Date": "2022-08-05 10:24:42 UTC"}, {"View": "radoudou13", "Media Type": "VIDEO", "View Date": "2022-08-05 10:24:40 UTC"}, {"View": "jessoff13", "Media Type": "STORY", "View Date": "2022-08-05 10:24:28 UTC"}, {"View": "jessoff13", "Media Type": "VIDEO", "View Date": "2022-08-05 10:24:28 UTC"}, {"View": "jessoff13", "Media Type": "VIDEO", "View Date": "2022-08-05 10:24:27 UTC"}, {"View": "jessoff13", "Media Type": "VIDEO", "View Date": "2022-08-05 10:24:27 UTC"}, {"View": "jessoff13", "Media Type": "VIDEO", "View Date": "2022-08-05 10:24:22 UTC"}, {"View": "jessoff13", "Media Type": "VIDEO", "View Date": "2022-08-05 10:24:22 UTC"}, {"View": "vargasss9-2", "Media Type": "STORY", "View Date": "2022-08-05 10:24:18 UTC"}, {"View": "vargasss9-2", "Media Type": "VIDEO", "View Date": "2022-08-05 10:24:18 UTC"}, {"View": "walter_sk", "Media Type": "STORY", "View Date": "2022-08-05 10:24:14 UTC"}, {"View": "walter_sk", "Media Type": "VIDEO", "View Date": "2022-08-05 10:24:14 UTC"}, {"View": "walter_sk", "Media Type": "VIDEO", "View Date": "2022-08-05 10:24:13 UTC"}, {"View": "naslachiente", "Media Type": "STORY", "View Date": "2022-08-05 10:24:00 UTC"}, {"View": "naslachiente", "Media Type": "VIDEO", "View Date": "2022-08-05 10:24:00 UTC"}, {"View": "naslachiente", "Media Type": "VIDEO", "View Date": "2022-08-05 10:23:57 UTC"}, {"View": "naslachiente", "Media Type": "VIDEO", "View Date": "2022-08-05 10:23:56 UTC"}, {"View": "naslachiente", "Media Type": "VIDEO", "View Date": "2022-08-05 10:23:50 UTC"}, {"View": "naslachiente", "Media Type": "VIDEO", "View Date": "2022-08-05 10:23:47 UTC"}, {"View": "naslachiente", "Media Type": "VIDEO", "View Date": "2022-08-05 10:23:41 UTC"}, {"View": "naslachiente", "Media Type": "VIDEO", "View Date": "2022-08-05 10:23:40 UTC"}, {"View": "naslachiente", "Media Type": "VIDEO", "View Date": "2022-08-05 10:23:37 UTC"}, {"View": "naslachiente", "Media Type": "VIDEO", "View Date": "2022-08-05 10:23:33 UTC"}, {"View": "naslachiente", "Media Type": "VIDEO", "View Date": "2022-08-05 10:23:23 UTC"}, {"View": "naslachiente", "Media Type": "VIDEO", "View Date": "2022-08-05 10:23:16 UTC"}, {"View": "naslachiente", "Media Type": "", "View Date": "2022-08-05 10:23:06 UTC"}, {"View": "naslachiente", "Media Type": "", "View Date": "2022-08-05 10:22:59 UTC"}, {"View": "naslachiente", "Media Type": "VIDEO", "View Date": "2022-08-05 10:22:54 UTC"}, {"View": "naslachiente", "Media Type": "VIDEO", "View Date": "2022-08-05 10:22:52 UTC"}, {"View": "naslachiente", "Media Type": "VIDEO", "View Date": "2022-08-05 10:22:42 UTC"}, {"View": "naslachiente", "Media Type": "VIDEO", "View Date": "2022-08-05 10:22:32 UTC"}, {"View": "naslachiente", "Media Type": "VIDEO", "View Date": "2022-08-05 10:22:22 UTC"}, {"View": "prince-ryoma", "Media Type": "STORY", "View Date": "2022-08-05 10:22:12 UTC"}, {"View": "prince-ryoma", "Media Type": "", "View Date": "2022-08-05 10:22:12 UTC"}, {"View": "prince-ryoma", "Media Type": "", "View Date": "2022-08-05 10:22:10 UTC"}, {"View": "prince-ryoma", "Media Type": "VIDEO", "View Date": "2022-08-05 10:22:07 UTC"}, {"View": "acrobate94", "Media Type": "STORY", "View Date": "2022-08-05 10:22:01 UTC"}, {"View": "acrobate94", "Media Type": "", "View Date": "2022-08-05 10:22:01 UTC"}, {"View": "acrobate94", "Media Type": "VIDEO", "View Date": "2022-08-05 10:21:58 UTC"}, {"View": "acrobate94", "Media Type": "VIDEO", "View Date": "2022-08-05 10:21:50 UTC"}, {"View": "acrobate94", "Media Type": "VIDEO", "View Date": "2022-08-05 10:21:42 UTC"}, {"View": "acrobate94", "Media Type": "VIDEO", "View Date": "2022-08-05 10:21:33 UTC"}, {"View": "acrobate94", "Media Type": "VIDEO", "View Date": "2022-08-05 10:21:23 UTC"}, {"View": "statam300", "Media Type": "STORY", "View Date": "2022-08-05 10:21:18 UTC"}, {"View": "statam300", "Media Type": "VIDEO", "View Date": "2022-08-05 10:21:18 UTC"}, {"View": "statam300", "Media Type": "", "View Date": "2022-08-05 10:21:16 UTC"}, {"View": "statam300", "Media Type": "", "View Date": "2022-08-05 10:21:14 UTC"}, {"View": "statam300", "Media Type": "VIDEO", "View Date": "2022-08-05 10:21:10 UTC"}, {"View": "statam300", "Media Type": "VIDEO", "View Date": "2022-08-05 10:21:08 UTC"}, {"View": "statam300", "Media Type": "", "View Date": "2022-08-05 10:21:05 UTC"}, {"View": "statam300", "Media Type": "VIDEO", "View Date": "2022-08-05 10:21:02 UTC"}, {"View": "statam300", "Media Type": "VIDEO", "View Date": "2022-08-05 10:20:58 UTC"}, {"View": "statam300", "Media Type": "VIDEO", "View Date": "2022-08-05 10:20:57 UTC"}, {"View": "statam300", "Media Type": "VIDEO", "View Date": "2022-08-05 10:20:49 UTC"}, {"View": "statam300", "Media Type": "VIDEO", "View Date": "2022-08-05 10:20:49 UTC"}, {"View": "statam300", "Media Type": "VIDEO", "View Date": "2022-08-05 10:20:40 UTC"}, {"View": "ouss-45", "Media Type": "VIDEO", "View Date": "2022-08-05 10:20:35 UTC"}, {"View": "ouss-45", "Media Type": "STORY", "View Date": "2022-08-05 10:20:35 UTC"}, {"View": "ouss-45", "Media Type": "STORY", "View Date": "2022-08-05 06:32:24 UTC"}, {"View": "ouss-45", "Media Type": "VIDEO", "View Date": "2022-08-05 06:32:24 UTC"}, {"View": "yac_30", "Media Type": "STORY", "View Date": "2022-08-05 06:32:15 UTC"}, {"View": "yac_30", "Media Type": "", "View Date": "2022-08-05 06:32:15 UTC"}, {"View": "ouss-45", "Media Type": "STORY", "View Date": "2022-08-04 12:49:29 UTC"}, {"View": "ouss-45", "Media Type": "", "View Date": "2022-08-04 12:49:29 UTC"}, {"View": "ouss-45", "Media Type": "STORY", "View Date": "2022-08-04 12:49:24 UTC"}, {"View": "ouss-45", "Media Type": "", "View Date": "2022-08-04 12:49:24 UTC"}, {"View": "ouss-45", "Media Type": "", "View Date": "2022-08-04 12:49:20 UTC"}, {"View": "yac_30", "Media Type": "STORY", "View Date": "2022-08-04 08:40:10 UTC"}, {"View": "yac_30", "Media Type": "", "View Date": "2022-08-04 08:40:10 UTC"}, {"View": "ouss-45", "Media Type": "STORY", "View Date": "2022-08-03 18:16:06 UTC"}, {"View": "ouss-45", "Media Type": "", "View Date": "2022-08-03 18:16:06 UTC"}, {"View": "ouss-45", "Media Type": "", "View Date": "2022-08-03 18:16:05 UTC"}, {"View": "olivia-pierson", "Media Type": "", "View Date": "2022-08-03 18:16:04 UTC"}, {"View": "olivia-pierson", "Media Type": "STORY", "View Date": "2022-08-03 18:16:04 UTC"}, {"View": "ouss-45", "Media Type": "STORY", "View Date": "2022-08-03 18:16:04 UTC"}, {"View": "ouss-45", "Media Type": "", "View Date": "2022-08-03 18:16:04 UTC"}, {"View": "ouss-45", "Media Type": "", "View Date": "2022-08-03 18:16:03 UTC"}, {"View": "ouss-45", "Media Type": "", "View Date": "2022-08-03 18:16:01 UTC"}, {"View": "ouss-45", "Media Type": "", "View Date": "2022-08-03 18:15:58 UTC"}, {"View": "unamaroqui", "Media Type": "STORY", "View Date": "2022-08-02 23:08:36 UTC"}, {"View": "unamaroqui", "Media Type": "VIDEO", "View Date": "2022-08-02 23:08:36 UTC"}, {"View": "unamaroqui", "Media Type": "VIDEO", "View Date": "2022-08-02 23:08:35 UTC"}, {"View": "unamaroqui", "Media Type": "VIDEO", "View Date": "2022-08-02 23:08:35 UTC"}, {"View": "unamaroqui", "Media Type": "VIDEO", "View Date": "2022-08-02 23:08:34 UTC"}, {"View": "walter_sk", "Media Type": "STORY", "View Date": "2022-08-02 23:08:32 UTC"}, {"View": "walter_sk", "Media Type": "VIDEO", "View Date": "2022-08-02 23:08:32 UTC"}, {"View": "walter_sk", "Media Type": "VIDEO", "View Date": "2022-08-02 23:08:31 UTC"}, {"View": "walter_sk", "Media Type": "VIDEO", "View Date": "2022-08-02 23:08:31 UTC"}, {"View": "walter_sk", "Media Type": "", "View Date": "2022-08-02 23:08:29 UTC"}, {"View": "walter_sk", "Media Type": "", "View Date": "2022-08-02 23:08:28 UTC"}, {"View": "walter_sk", "Media Type": "", "View Date": "2022-08-02 23:08:27 UTC"}, {"View": "walter_sk", "Media Type": "VIDEO", "View Date": "2022-08-02 23:08:27 UTC"}, {"View": "walter_sk", "Media Type": "VIDEO", "View Date": "2022-08-02 23:08:26 UTC"}, {"View": "walter_sk", "Media Type": "VIDEO", "View Date": "2022-08-02 23:08:25 UTC"}, {"View": "walter_sk", "Media Type": "", "View Date": "2022-08-02 23:08:24 UTC"}, {"View": "walter_sk", "Media Type": "VIDEO", "View Date": "2022-08-02 23:08:23 UTC"}, {"View": "walter_sk", "Media Type": "VIDEO", "View Date": "2022-08-02 23:08:22 UTC"}, {"View": "walter_sk", "Media Type": "", "View Date": "2022-08-02 23:08:20 UTC"}, {"View": "walter_sk", "Media Type": "", "View Date": "2022-08-02 23:08:16 UTC"}, {"View": "walter_sk", "Media Type": "", "View Date": "2022-08-02 23:08:14 UTC"}, {"View": "walter_sk", "Media Type": "", "View Date": "2022-08-02 23:08:12 UTC"}, {"View": "walter_sk", "Media Type": "", "View Date": "2022-08-02 23:08:11 UTC"}, {"View": "walter_sk", "Media Type": "", "View Date": "2022-08-02 23:08:10 UTC"}, {"View": "walter_sk", "Media Type": "", "View Date": "2022-08-02 23:08:08 UTC"}, {"View": "walter_sk", "Media Type": "", "View Date": "2022-08-02 23:08:07 UTC"}, {"View": "walter_sk", "Media Type": "", "View Date": "2022-08-02 23:07:58 UTC"}, {"View": "jul135city", "Media Type": "STORY", "View Date": "2022-08-02 23:07:57 UTC"}, {"View": "jul135city", "Media Type": "", "View Date": "2022-08-02 23:07:57 UTC"}, {"View": "walter_sk", "Media Type": "STORY", "View Date": "2022-08-02 23:07:57 UTC"}, {"View": "walter_sk", "Media Type": "", "View Date": "2022-08-02 23:07:57 UTC"}, {"View": "jul135city", "Media Type": "VIDEO", "View Date": "2022-08-02 23:07:54 UTC"}, {"View": "ouss-45", "Media Type": "STORY", "View Date": "2022-08-02 23:07:51 UTC"}, {"View": "ouss-45", "Media Type": "", "View Date": "2022-08-02 23:07:51 UTC"}, {"View": "ouss-45", "Media Type": "", "View Date": "2022-08-02 23:07:50 UTC"}, {"View": "ouss-45", "Media Type": "", "View Date": "2022-08-02 23:07:49 UTC"}, {"View": "ouss-45", "Media Type": "VIDEO", "View Date": "2022-08-02 23:07:47 UTC"}, {"View": "ouss-45", "Media Type": "VIDEO", "View Date": "2022-08-02 23:07:45 UTC"}, {"View": "ouss-45", "Media Type": "", "View Date": "2022-08-02 23:07:45 UTC"}, {"View": "ouss-45", "Media Type": "", "View Date": "2022-08-02 23:07:34 UTC"}, {"View": "ouss-45", "Media Type": "", "View Date": "2022-08-02 23:07:30 UTC"}, {"View": "prince-ryoma", "Media Type": "", "View Date": "2022-08-02 13:43:15 UTC"}, {"View": "prince-ryoma", "Media Type": "STORY", "View Date": "2022-08-02 13:43:15 UTC"}, {"View": "algerien77", "Media Type": "STORY", "View Date": "2022-08-02 13:43:09 UTC"}, {"View": "algerien77", "Media Type": "", "View Date": "2022-08-02 13:43:09 UTC"}]}