{"Snap Inc. Terms of Service": [{"Version": "Snap Privacy Policy - June 27, 2022", "Acceptance Date": "2022-08-02 13:43:05 UTC"}, {"Version": "Snap Privacy Policy &amp; Terms of Service - September 26, 2017", "Acceptance Date": "2020-05-16 03:30:26 UTC"}, {"Version": "Memories Terms of Service", "Acceptance Date": "2020-05-16 03:30:54 UTC"}, {"Version": "Snap Privacy Policy &amp; Terms of Service - September 30, 2019", "Acceptance Date": "2020-05-16 03:30:26 UTC"}, {"Version": "Snap Privacy Policy &amp; Terms of Service - September 30, 2021", "Acceptance Date": "2021-11-10 23:13:35 UTC"}, {"Version": "Snap Terms of Service &amp; Privacy Policy - November 15, 2021", "Acceptance Date": "2021-12-05 21:35:39 UTC"}, {"Version": "Snap Terms of Service - February 18, 2019", "Acceptance Date": "2020-05-16 03:30:26 UTC"}], "Custom Creative Tools Terms": [], "Business Services Terms": [], "Games Terms": []}