{"Frequent Locations": [], "Latest Location": [{"City": "", "Country": "", "Region": ""}], "Home & Work": {}, "Daily Top Locations": [], "Top Locations Per Six-Day Period": [], "Location History": [], "Businesses and public places you may have visited": [], "Areas you may have visited in the last two years": [{"Time": "2022/05/05 11:19:01 UTC", "City": "nimes", "Region": "Occitanie", "Postal Code": "30000"}, {"Time": "2022/01/01 00:33:08 UTC", "City": "nimes", "Region": "Occitanie", "Postal Code": "30900"}, {"Time": "2020/07/24 16:56:51 UTC", "City": "orange", "Region": "Provence - Alpes - C\u00f4te - D&#39;azur", "Postal Code": "30900"}, {"Time": "2020/07/21 19:58:15 UTC", "City": "orange", "Region": "Provence - Alpes - C\u00f4te - D&#39;azur", "Postal Code": "84100"}, {"Time": "2020/07/26 08:13:20 UTC", "City": "chatillon", "Region": "Ile - De - France", "Postal Code": "92320"}]}