{"App Profile": {"Country": "", "Creation Time": "", "Account Creation Country": "FR", "Platform Version": "IOS", "In-app Language": "en_GB"}, "Demographics": {"Cohort Age": "AGE_25_TO_34", "Derived Ad Demographic": "MALE"}, "Subscriptions": [], "Engagement": [], "Discover Channels Viewed": [], "Breakdown of Time Spent on App": [], "Ads You Interacted With": [], "Interest Categories": ["Hip-Hop Music Fans", "Soul & R&B Fans", "Latin Music Fans", "Business News Watchers", "News Watchers", "World Music Fans", "Fashion & Style Gurus", "Indie & Foreign Film Fans", "Parents & Family-Focused", "Film & TV Fans", "Frequent Domestic Travelers", "Travel Enthusiasts - HEC", "Cordcutters", "Arts & Culture Mavens", "Philanthropists", "Adventure Seekers", "Console Gamers", "Beachgoers & Surfers", "Music Fans - HEC", "Automotive Enthusiasts", "Burger Lovers", "Wellness & Healthy Lifestyle", "Math & Science Enthusiasts", "Travel Enthusiasts", "Sharp-Dressed Men", "Men's Lifestyle", "Business Travelers", "Women's Lifestyle", "Music Fans", "Dance & Electronic Music Fans", "Oral Care Shoppers", "Automotive Shoppers", "Pop Music Fans", "Women's Fashion Shoppers", "Gamers - HEC", "Street Sport Enthusiasts", "Fast Food Junkies", "Gamers", "Vegans & Organic Foodies", "Motor Sports Fans", "Console & PC Gamers", "Soccer Enthusiasts", "Shoppers - HEC", "Cosmetics Shoppers", "Fun Trivia & Quiz Fanatics", "Investors & Entrepreneurs", "Console Gamers - HEC", "Men's Fashion Shoppers", "Meme Watchers", "Jewelry & Watch Shoppers", "Cordcutters - HEC", "Liquor & Spirits Drinkers", "Discount & Thrifty Shoppers", "Shoppers", "Reality TV Fans", "Luxury Shoppers", "Romance & Rom-Com Fans", "Online Shoppers", "Fitness Enthusiasts", "Sports Fans", "Foodies", "Indie & Foreign Film Fans - HEC", "Film & TV Fans - HEC", "Soft Drink Consumers", "Battle Combat & FPS Gamers", "Beer Drinkers", "Social Drinkers", "Pizza Lovers", "Coffee Lovers", "Sneakerheads", "Clubbers & Party People", "Photographers"], "Geographic Information": [], "Interactions": {"Web Interactions": ["itescia.fr", "ohmymag.com", "90min.com", "groupon.fr", "spotify.com", "thetrainline.com", "pimkie.fr", "snapchat.com", "bouyguestelecom.fr", "tiqcdn.com", "volkswagen.fr", "modanisa.com"], "App Interactions": []}, "Off-Platform Sharing": [], "Mobile Ad Id": ""}